handle	name	city	area	category	info	verify
lofosthessaloniki	Λόφος Cafe • Bar • Restaurant	Θεσσαλονίκη	Πυλαία	Cafe-Bar-Restaurant	Εστιατόριο Δ-Π 13:00-22:30, Π-Κ 10:00-22:30	
sarothron_cafe_bar	Καφέ-Μπαρ Σάρωθρον	Θεσσαλονίκη	Κέντρο	Cafe-Bar	~13K followers, συνεργασία με E-Radio	
oberonbar	Oberon.bar	Θεσσαλονίκη	Κέντρο	Coffee-Bar-Restaurant	Τηλ. 2310 228400	
stoabar.mimelismonei	STOA BAR by «Μη με Λησμόνει»	Θεσσαλονίκη	Κέντρο (Ερμείον, Βενιζέλου)	Bar / Artspace	Νέο μαγαζί στο ισόγειο του Ερμείον	
pleiades_cafe_bar	Πλειάδες Cafe Bar	Θεσσαλονίκη	Παπάφη	Cafe-Bar	Καφές/μπύρα/ποτό/πρωινό, -10% φοιτητές (ήδη κάνει προσφορές)	
skyline_cafe_bar	Skyline (Πύργος ΟΤΕ)	Θεσσαλονίκη	ΔΕΘ / Πύργος ΟΤΕ	Cafe-Bar	Περιστρεφόμενο bar, κρατήσεις 2310 265460	
astoria_skg	Αστόρια Καφενείο	Θεσσαλονίκη	Ανάκτορο Γαλερίου	All-day Cafe-Bar	Pet friendly, ανοιχτό καθημερινά	
floral.cafe	Cafe Floral	Θεσσαλονίκη	26ης Οκτωβρίου 8	Cafe (ανθοπωλείο-καφέ)	Ανθοπωλείο-καφέ	
casper_at_verykoko	Casper at Verykoko	Θεσσαλονίκη	Λαδάδικα (Πλ. Μοριχόβου 11)	Bar		
tokourmpeti	Το Κουρμπέτι	Θεσσαλονίκη	Λαδάδικα (Βαΐου 2)	Ταβέρνα	Παραδοσιακή ταβέρνα	
sourtoukw_meze	Μεζεδοπωλείο Σουρτούκω	Θεσσαλονίκη	Λαδάδικα	Μεζεδοπωλείο		
kantouni_ladadika	Καντούνι	Θεσσαλονίκη	Λαδάδικα (Κατούνη)	Ουζερί / Ταβέρνα		
kalofagas_ladadika	Ψητοπωλείο Καλοφαγάς	Θεσσαλονίκη	Λαδάδικα	Ψητοπωλείο		
gyro_gyro_sta_ladadika	Γύρω gyro στα Λαδάδικα	Θεσσαλονίκη	Λαδάδικα	Street food		
localthessaloniki	Local Thessaloniki	Θεσσαλονίκη	Κέντρο	Cafe-Wine-Cocktail bar	Coffee, wine, cocktails	
brunchsin	Brunchsin'	Θεσσαλονίκη	Κέντρο	Brunch / Cafe	All-day brunch, specialty coffee, μιμόζες	
fluffybrunch	Fluffy Brunch	Θεσσαλονίκη	Πλ. Ναβαρίνου 10	Brunch / Pancakes		
9_marketcafe	9 Market Cafe	Θεσσαλονίκη	Βαλαωρίτου 12 (+Σβώλου, Βασ. Ηρακλείου)	Cafe	3 καταστήματα	
bowie_house.skg	Bowie House	Θεσσαλονίκη		All-day Bar	Ανοιχτό από 11:00	Επιβεβαίωσε περιοχή
cafesociete_	Café Société	Θεσσαλονίκη	Καλαμαριά	All-day Cafe-Wine-Bar	Από το 2008, καθημερινά από 08:30	
anatolikon.gastrobar	Anatolikon Gastrobar	Θεσσαλονίκη	Καλαμαριά	All-day Gastrobar	Κρατήσεις 2310 419654	
napoleonthessaloniki	Napoleon Brasserie • Cafe	Θεσσαλονίκη	Φράγκων 13	Brasserie / Cafe	Χειροποίητο πρωινό, καφές, γλυκά	
phoenix_kafeneio_skg	Φοίνιξ Καφενείο	Θεσσαλονίκη		Καφενείο	12:00-24:00 καθημερινά	Επιβεβαίωσε περιοχή
shed._co	shed 小屋 Specialty Coffee	Θεσσαλονίκη	Κέντρο	Specialty Coffee	08:00-24:00	
sortiecoffee	Sòrtie Coffee	Θεσσαλονίκη	Γούναρη 20 (Ροτόντα)	Coffee & Wine bar	Συνιστώνται κρατήσεις	
cofficethessaloniki	Coffice – Books & Coffee	Θεσσαλονίκη	Κέντρο	Cafe / Coworking	Καφές, βιβλία, χώρος εργασίας	
cube_coffee_and_more	Cube Coffee & More	Θεσσαλονίκη	Ροτόντα 5 (+Β. Όλγας, Π. Συνδίκα, Λ. Στρατού)	Cafe	4 καταστήματα	
local_cafebar	Local Cafe-Bar	Αθήνα	Ίλιον	All-day Cafe-Bar	Brunch 09:00-14:00	
icafebar	I Cafe Bar	Αθήνα	Αργυρούπολη	All-day Cafe-Bar		
neratzia.gr	Neratzia	Αθήνα	Κουκάκι	Cafe-Bistro	08:00-01:00 (Π-Σ ως 02:00)	
ineafolia	Η Νέα Φωλιά	Θεσσαλονίκη	Κέντρο	Κουτούκι / Εστιατόριο	Δημιουργική ελληνική κουζίνα, από το 1967	
lykos_thermi	Lykos – Χασαποταβέρνα	Θεσσαλονίκη	Θέρμη	Χασαποταβέρνα / Οινοπωλείο		
lecoqtailmixbar	LeCoqTail Mix Bar	Θεσσαλονίκη		Cafe & Cocktail bar	Βραβευμένο, πανοραμική θέα	Επιβεβαίωσε περιοχή
enolabarclub	Enola Bar Club	Θεσσαλονίκη	Βαλαωρίτου 19 (2ος)	Bar	Ανοιχτό 7/7	
adytorockbar	Άδυτο Rock Bar	Θεσσαλονίκη	Λαδάδικα	Rock Bar		
ennea.rooftopbar	Ennea Rooftop Bar	Θεσσαλονίκη	Κέντρο	Rooftop Bar		
kitchenbar_thessaloniki	Kitchen Bar	Θεσσαλονίκη	Λιμάνι	All-day Bar-Restaurant		
garden_bar_53	Garden Bar 53	Θεσσαλονίκη	Κάτω Τούμπα	All-day Cafe-Bar		
mezedakibar	Μεζεδάκι Μπαρ	Θεσσαλονίκη	Κάτω Τούμπα (Μικράς Ασίας 5-7)	Μεζεδοπωλείο-Bar		
esperanto.skg	Εσπεράντο – Διεθνές Αργοφαγείο	Θεσσαλονίκη	Τούμπα	Εστιατόριο / Hangout		
sinergiobeer	Sinergio	Θεσσαλονίκη	Τούμπα (Μικράς Ασίας 3)	Beer & Cocktail bar		
alanacoffeebar	ALANA Coffee Bar	Θεσσαλονίκη	Τούμπα (Κλεάνθους 72)	Coffee Bar	Τηλ. 2310 949478	
brew_local	Brew ΛόΚΑΛ	Θεσσαλονίκη	Άνω Τούμπα	Coffee & Cocktail bar	Γειτονιάς, spritz & cocktails	
gorillabarskg	Gorilla Bar	Θεσσαλονίκη		Bar		Επιβεβαίωσε περιοχή
thebarlabskg	The Bar L.A.B.	Θεσσαλονίκη		Coffee-Cocktail bar	Brunch 10:00-15:00	Επιβεβαίωσε περιοχή
gatsbythessaloniki	Gatsby	Θεσσαλονίκη		Shisha Bar-Restaurant	Από 18:00	
favela_all_day_bar_restaurant	Favela All Day Bar Restaurant	Αθήνα		All-day Bar-Restaurant		Επιβεβαίωσε περιοχή
medezcafe	Medez Cafe & Bar	Αθήνα	Παγκράτι	All-day Cafe-Bar		
o_allos_bar	Ο Άλλος μπαρ	Αθήνα	Παγκράτι (Τιμοθέου 1)	Bar		
bistro_cafe_bar_restaurant	Bistro Cafe	Αθήνα	Γαλάτσι	All-day Cafe-Restaurant-Cocktail bar		
to.bar.athens	Το Μπαρ	Αθήνα	Κέντρο	Cafe-Cocktail bar	Κ-Π 09:00-01:00, Π-Σ ως 02:00	
enoikosbar	Ο Ένοικος Bar	Αθήνα	Εξάρχεια (Καλλιδρομίου 70)	Bar	Ιστορικό στέκι από τη δεκαετία του '90	
pametsipouro_fokionos_official	Πάμε Τσίπουρο Φωκίωνος	Αθήνα	Κυψέλη (Φωκίωνος Νέγρη 50)	Τσιπουράδικο / Μεζέδες	Από 09:00, live βραδιές	
huus_fokionos	HUUS Kaffe Fokionos	Αθήνα	Κυψέλη	Specialty Coffee	Specialty καφές & χειροποίητα κρουασάν, έχει κι άλλα καταστήματα	
kapu.kypseli	KAPU	Αθήνα	Κυψέλη	Coffee (take away)	07:00-21:00, take away & delivery	
cococafebeat	Coco Cafe	Αθήνα	Κυψέλη (Βελβενδού 46)	Cafe / Κρέπες		
im.notinathens	BAR IDEAL	Αθήνα	Κέντρο	Coffee & Spirits / Hi-Fi bar	09:00-03:00	
bairaktarismonastiraki	Μπαϊρακτάρης	Αθήνα	Μοναστηράκι	Ταβέρνα	Από το 1879, πολλοί τουρίστες (μενού GR/EN)	
gcafebar	G Cafe Bar	Αθήνα		Cafe-Bar		Επιβεβαίωσε περιοχή
atheneeathens	Athénée	Αθήνα	Κέντρο	Cafe-Restaurant	Ιστορικό, στον οδηγό Michelin	
madeiraathens	Madeira Cafe & Bar	Αθήνα		Cafe-Cocktail bar	Live events	Επιβεβαίωσε περιοχή
nonnas.athens	Nonnas Athens	Αθήνα		Εστιατόριο		Επιβεβαίωσε περιοχή
morningbar.athens	Morning Bar	Αθήνα	Παγκράτι	Breakfast / Coffee bar	Καθημερινές 09:00-17:00	
aroma.cafe.bar.gizi	Aroma Cafe Bar	Αθήνα	Γκύζη	Cafe-Bar / Brunch	Από το 1996	
brazilianabar	Braziliana	Αθήνα	Άνω Πετράλωνα (Αρκάδων 4)	All-day Bar		
karderina_petralona	Καρδερίνα	Αθήνα	Πετράλωνα	Εστιατόριο	Παραδοσιακή κουζίνα	
hankypankyath	Hanky Panky	Αθήνα	Πετράλωνα (Δινοχάρους 1) + Π. Φάληρο	Street food	Ως 02:00	
valitsa80	Βαλίτσα	Αθήνα	Άνω Πετράλωνα (Δημοφώντος 80)	Cafe-Bar	Τηλ. 210 3470828	
anakata_kafeneio_cooperativa	Ανάκατα – Συνεργατικό Καφενείο	Αθήνα	Κάτω Πετράλωνα (Πανδώρου 85)	Καφενείο		
taverna.oikonomou	Ταβέρνα Οικονόμου 1930	Αθήνα	Πετράλωνα	Ταβέρνα	Από το 1930	
oubi.athens	Oubi	Αθήνα	Χαλάνδρι	All-day Cafe-Brunch-Cocktails	Ήδη σε Wolt για delivery	
routina_glyfada	Routina	Αθήνα	Γλυφάδα (Δούσμανη 8)	Pastry / Brunch / Coffee		
bunkok.glyfada	Bunkok	Αθήνα	Γλυφάδα	Bakery-Brunch-Coffee	07:00-20:00 καθημερινά	
el_sito_coffeebar	El Sito Coffee Bar	Αθήνα	Γλυφάδα	Coffee Bar		Επιβεβαίωσε περιοχή
colonialglyfada	Colonial Glyfada	Αθήνα	Γλυφάδα (Golf)	All-day Cafe-Restaurant	Από 08:00 καθημερινά	
pere_ubu_glyfada	Pere Ubu Glyfada	Αθήνα	Γλυφάδα	All-day Bar-Restaurant	Brunch, lunch, dinner, cocktails	
adonis_alemanias	Adonis Premises / Alemania's	Αθήνα	Νέα Σμύρνη (25ης Μαρτίου 11)	Κρέας & Μπύρα / Cafe		
baristas_neasmirni	Barista's Nea Smyrni	Αθήνα	Νέα Σμύρνη (Λ. Ελ. Βενιζέλου 140)	Coffee		
paramythimecafe	Παραμύθι με καφέ	Αθήνα	Νέα Σμύρνη (πλατεία)	Cafe	Από το 1997	
gitema_neasmirni	Γήτεμα	Αθήνα	Νέα Σμύρνη	Εστίαση		Επιβεβαίωσε κατηγορία
cultivosneasmyrni	Cultivos Coffee	Αθήνα	Νέα Σμύρνη	Coffee	07:00-21:00, αλυσίδα / franchise	
treehouse_cafe_peristeri	Treehouse Cafe	Αθήνα	Περιστέρι (Τζων Κέννεντυ & Ειρήνης)	Cafe-Bar-Restaurant	08:00-02:00	
il_toto_tzon_kennenty105	IL TOTO Περιστέρι	Αθήνα	Περιστέρι (Τζων Κέννεντυ 105)	Specialty Coffee	Αλυσίδα IL Toto (πολλά καταστήματα)	
num_veaki	Num All Day Bar & Restaurant	Αθήνα	Περιστέρι	All-day Bar-Restaurant	Τηλ. 697 967 1566	
jojoperisteri	JOJO espresso & bar	Αθήνα	Μπουρνάζι (Αγ. Παρασκευής)	Coffee & Bar		
overdose_coffee_and_more	Overdose Coffee & More	Αθήνα	Περιστέρι (Ανδριτσαίνης)	Coffee (take away)	Take away & delivery	
mpar_mpee_kiou	Μπαρ-Μπεε-Κιου	Αθήνα	Πειραιάς – Πασαλιμάνι (Αγγ. Μεταξά 7)	Burger bar	+ Ν. Φιλαδέλφεια, Ν. Σμύρνη, Χαλάνδρι	
lolacafebar	Lola Cafe Bar	Αθήνα	Αγία Παρασκευή	Cafe-Bar		
liberty_cafebar	LIBERTY Cafè Bar	Αθήνα	Πειραιάς (Παλαιολόγου 5, Τερψιθέα)	Cafe-Wine-Cocktail bar		
naval.mikrolimano	Naval Mikrolimano	Αθήνα	Πειραιάς – Μικρολίμανο	Gastrobar		
ippopotamos_skg	Ιπποπόταμος	Θεσσαλονίκη		Bar		Επιβεβαίωσε περιοχή
kupato_official	Kupato	Αθήνα	Μαρούσι (Αγ. Κωνσταντίνου 53)	Specialty Coffee / Brunch	Brunch by chef	
menta_cafe_kifisia	Menta Cafe	Αθήνα	Κηφισιά	Cafe-Brunch-Dinner	Κήπος	
pit_kolonaki	Pit All Day Gastro Bar	Αθήνα	Κολωνάκι (Μηλιώνη 1)	All-day Gastro Bar	Κρατήσεις 210 3615969	
peros_kolonaki	Péros	Αθήνα	Κολωνάκι (Τσακάλωφ 2)	Cafe-Bar-Restaurant	Από το 1987	
forte.kolonaki	Forte Charitos	Αθήνα	Κολωνάκι	Εστιατόριο	Τηλ. 210 7227771	
blysscafe_kallithea	Blysscafe	Αθήνα	Καλλιθέα	Cafe-Bar	~2.5K followers, αλυσίδα / franchise	
baratokallithea	Barato Espresso Bar	Αθήνα	Καλλιθέα (Χαροκόπου 62)	Coffee (take away)	~8.8K followers, delivery/take away	
akricafekallithea_	Άκρη Cafe	Αθήνα	Καλλιθέα (Π. Τσαλδάρη 261)	Cafe	Μικρό/νέο προφίλ	
cultivoscoffeekallithea	Cultivos Coffee Kallithea	Αθήνα	Καλλιθέα	Coffee	Delivery apps, αλυσίδα / franchise	
big_bar_athens	Big Bar	Αθήνα	Γκάζι	Bar	Από το 2004	
ola_ellinika_gazi	oLa Ελληνικά	Αθήνα	Κεραμεικός	Μουσική σκηνή / Bar	Live ελληνική μουσική	
gazi_view	Gazi View	Αθήνα	Γκάζι	Rooftop Bar	Τετ-Κυρ από 18:00	
amante.athens	AMANTE Restaurant & Cocktail Bar	Αθήνα		Restaurant-Cocktail bar		Επιβεβαίωσε περιοχή
mikrasiatiko_mezedopoleio	Μικρασιάτικο Μεζεδοπωλείο	Αθήνα	Νέα Φιλαδέλφεια (Προύσης 12)	Μεζεδοπωλείο	Τηλ. 210 2510007	
stis5gires.gr	Στις 5 γύρες	Αθήνα	Αγία Παρασκευή (Κοραή 5)	Τσιπουράδικο	Τηλ. 210 6522299	
koutourou_mezetzidikon	Κουτουρού Μεζετζίδικον	Αθήνα		Τσιπουράδικο	Τηλ. 216 2023108	Επιβεβαίωσε περιοχή
melisses_mezedopoleio	Μέλισσες	Αθήνα		Μεζεδοπωλείο-Ρακάδικο	Live κάθε Παρασκευή, τηλ. 210 2520566	Επιβεβαίωσε περιοχή
tempesiri.mezedopwleio	Τεμπεσίρι	Αθήνα		Μεζεδοπωλείο	Τηλ. 213 0291234	Επιβεβαίωσε περιοχή
therapeion	Θεραπείον	Θεσσαλονίκη	Κανάρη 75	Ουζερί-Καφέ	Τηλ. 2310 914444	
iviskos_skg	Ιβίσκος	Θεσσαλονίκη	Μπότσαρη (Αναλήψεως 67)	Μεζεδοπωλείο-Εστιατόριο	Κρατήσεις 2310 870099	
fliskouni.meze	Φλισκούνι Μεζεδοπωλείο	Θεσσαλονίκη		Μεζεδοπωλείο	Σεφ-ιδιοκτήτης Χάρης Λιούβας	Επιβεβαίωσε περιοχή
zeme.skg	Zeme	Θεσσαλονίκη	Ολύμπου 1	Τσιπουράδικο	35 μεζέδες, χωρίς κρατήσεις, τηλ. 2317 009542	
ouzeriapopsis	Ουζερί Η Άποψις	Αθήνα	Χαλάνδρι	Ουζερί	Θαλασσινοί μεζέδες	
stathmos.cafe	Stathmos Cafe	Θεσσαλονίκη	Εύοσμος	Cafe / Brunch / Bakery		Επιβεβαίωσε περιοχή
siena.pizzeria.evosmos	Siena Pizzeria	Θεσσαλονίκη	Εύοσμος (Καραολή & Δημητρίου 257)	Πιτσαρία	13:00-00:30	
villalunapanorama	Villa Luna	Θεσσαλονίκη	Πανόραμα	Cafe-Bar-Restaurant	10:00-01:00	
toktima	Το Κτήμα	Θεσσαλονίκη		Εστιατόριο-Cafe	Θέα σε όλη την πόλη	Επιβεβαίωσε περιοχή
cafe.bazaar.thessaloniki	Cafe-Bazaar	Θεσσαλονίκη		Cafe	~680 followers	
cabare.thessaloniki	CABARE	Θεσσαλονίκη		Bar		
kalimeres.bistro	Kalimeres Bistro	Αθήνα		Bistro / Brunch		Επιβεβαίωσε περιοχή
bletastegallery	Blé Taste Gallery	Θεσσαλονίκη	Κέντρο	Bakery / Pastry / Roastery	Τοπικό brand με λίγα καταστήματα	
lautre_cafe	L'Autre Cafe	Θεσσαλονίκη	Κέντρο	Cafe	City centre cafe	
prassasgrill	Prassas Grill	Θεσσαλονίκη	Μπότσαρη (Μ. Μπότσαρη 89)	Γυράδικο / Grill	Από το 1998	
xristosgyradiko.gr	Χρήστος Γυράδικο	Θεσσαλονίκη	Εγνατίας 150 + Νεάπολη (Βενιζέλου 56-58)	Γυράδικο	2 καταστήματα	
gyradiko_	Γυράδικο	Θεσσαλονίκη	Λαμπράκη 125	Γυράδικο	11:00-03:00	Επιβεβαίωσε περιοχή
mimis.souvlakia	Μίμης Σουβλάκια	Θεσσαλονίκη	Λ. Στρατού 30 + Καλαμαριά (Κομνηνών 78)	Σουβλατζίδικο	Κάρβουνα	
athinaikosouvlaki	Athinaiko Souvlaki	Θεσσαλονίκη	Καρόλου Ντηλ 23	Σουβλατζίδικο	4.8★ Google, σε Wolt/efood	
derlikatesen	Ντερλικατέσεν	Θεσσαλονίκη	Κουσκούρα 3	Σουβλατζίδικο	Πρωτότυπα σάντουιτς	
gyrovoliesofficial	Σουβλατζίδικο Γυροβολιές	Αθήνα	Πλ. Κολωνού (Επιδαύρου 40)	Σουβλατζίδικο	Τηλ. 210 5142594	
rehabpub	ReHaB Pub	Θεσσαλονίκη	Κέντρο	Craft beer pub	Ελληνικές craft μπύρες & φαγητό	
utopia_taproom	Utopia Taproom	Θεσσαλονίκη		Craft beer taproom		Επιβεβαίωσε περιοχή
thepub.thessaloniki	The PUB Thessaloniki	Θεσσαλονίκη	Κέντρο	Irish pub	13 βαρέλια, 30+ φιάλες	
cafe.prigipos	Prigipos Coffee & Beer House	Θεσσαλονίκη	Κέντρο	Coffee & Beer house		
berlin_bar_thessaloniki	Berlin Bar	Θεσσαλονίκη	Κέντρο	Bar	Από το 1979	
pitsaria_neapoli	Πιτσαρία Νεάπολη	Θεσσαλονίκη	Νεάπολη	Πιτσαρία / Aperitivo	Δ-Σ 18:00-24:00	
folia.skg	FOLIĂ	Θεσσαλονίκη		Εστίαση		Επιβεβαίωσε κατηγορία
drosiaskg	Drosia – Νεοκλασικόν Ταβερνείον	Θεσσαλονίκη		Ταβέρνα	Νεοκλασικό κτίριο	Επιβεβαίωσε περιοχή
blevinthessaloniki	Blé Vin	Θεσσαλονίκη	Κέντρο	Wine bar / Prosciutteria	Τηλ. 2310 231201	
monmarti_winebar	Μονμάρτη	Θεσσαλονίκη	Κέντρο	Wine bar-Restaurant	Κρατήσεις 2310 414814	
paxburgers	PAX Burgers	Θεσσαλονίκη	Θεσσαλονίκη + Αθήνα	Burger house	Best Burger House 2023, Best Burger 2024	
poboys_skg	Po'boys Burgers & BBQ	Θεσσαλονίκη	Αγίου Μηνά 7	Burgers & BBQ		
pratinaburger.skg	PRATINA Burger Project	Θεσσαλονίκη		Burgers / Street food	efood & Wolt	Επιβεβαίωσε περιοχή
austin.skg	Austin Smokehouse BBQ	Θεσσαλονίκη	Λαδάδικα (Κατούνη 25)	BBQ Smokehouse		
tzeneral_zaxaroplasteio	Τζένεραλ Ζαχαροπλαστείο	Θεσσαλονίκη	Κέντρο (Παύλου Μελά 44)	Ζαχαροπλαστείο / Μπουγάτσα		
sarai_patisserie	Ζαχαροπλαστείο Σαράι	Θεσσαλονίκη	Πλ. Άθωνος (Δημητσά 7)	Ζαχαροπλαστείο	Τηλ. 2310 938888	
zaxaroplasteia_vasilis	Βασίλης Ζαχαροπλαστεία	Θεσσαλονίκη	Νικόπολη / Πολίχνη	Ζαχαροπλαστείο-Cafe	Πολλά καταστήματα (τοπική αλυσίδα)	
todixti	Το Δίχτυ	Θεσσαλονίκη	Κέντρο	Βολιώτικο Τσιπουράδικο		
fennel_gastrotavern	Fennel Gastrotavern	Θεσσαλονίκη	Καλαμαριά (Σοφούλη 89)	Γαστροταβέρνα	Μουσική τα Σάββατα	
ta_vlachika.thessaloniki	Τα Βλάχικα	Θεσσαλονίκη	Καλαμαριά (Σοφούλη 74)	Χασαποταβέρνα		
taverna_thea20	Ταβέρνα Θέα	Αθήνα	Αχαρνές (Τατοΐου)	Εξοχική Ταβέρνα		
sebil_skg	Sebil Coffee & Cocktails	Θεσσαλονίκη	Άνω Λαδάδικα (Πλ. Εμπορίου)	Cafe-Cocktail bar / Brunch	08:00-00:00, μπουφές πρωινό	
bostonskg	Boston Cafe	Θεσσαλονίκη	Βοσπόρου 2	Cafe / Brunch / Cocktails		
niro.skg	NIRO	Θεσσαλονίκη		Coffee-Brunch-Cocktail bar		Επιβεβαίωσε περιοχή
folki.skg	ΦÓLKI	Θεσσαλονίκη		Bar		Επιβεβαίωσε κατηγορία
genesis.athens	Genesis Coffee Spot	Αθήνα	Παγκράτι (Ευφράνορος)	Coffee	Νέο/μικρό προφίλ, efood & Wolt	
bourbonspecialtycoffees	Bourbon Specialty Coffees	Αθήνα	Παγκράτι, Αλεξάνδρας, Ζωγράφου, Ηλιούπολη, Αμπελόκηποι	Specialty Coffee	Πολλά καταστήματα (τοπική αλυσίδα)	
mokkacoffee.athens	MOKKA	Αθήνα		Specialty Coffee		Επιβεβαίωσε περιοχή
espressakicafebistro	Espressaki Café Bistro	Αθήνα		Cafe-Bistro / Cocktails	Σπιτικά γλυκά	Επιβεβαίωσε περιοχή
black_duck_athens	Black Duck Museum Bistro	Αθήνα	Κέντρο	All-day Bistro / Brunch	Κρατήσεις τραπεζιών	
branch.athens	Branch	Αθήνα	Πανόρμου	All-day Cafe-Bar-Restaurant	Brunch, lunch, dinner, cocktails	
dentro_voula	Δέντρο All Day Bar	Αθήνα	Βούλα	All-day Cafe-Bar-Restaurant	Από το 2018	
usurum_psyri	Usurum Brunch & Cocktails	Αθήνα	Ψυρρή	Brunch & Cocktails	Αυλή	
flavour.athens	Flavour Business Resto Cafe	Αθήνα		Resto Cafe	07:00-02:00 καθημερινά	Επιβεβαίωσε περιοχή
h_skopa	Η Σκοπά – Καφενείο Μεζεδοπωλείο	Αθήνα	Κάτω Ηλιούπολη	Καφενείο-Μεζεδοπωλείο		
varnavacafe	Βαρνάβα Καφέ	Αθήνα	Παγκράτι (Πλ. Βαρνάβα)	Cafe-Bar		Επιβεβαίωσε περιοχή
papagalosrockbar	Papagalos Rock Bar	Θεσσαλονίκη	Λόρδου Βύρωνος 2	Rock Bar		
white_bear_cafebar	White Bear	Αθήνα	Π. Φάληρο (Αχιλλέως 63)	Cafe-Bar	Τηλ. 211 0133516	
coffeenroses_	Coffee N Roses	Αθήνα	Π. Φάληρο (Παρθενώνος 43)	Coffee	Παραγγελίες 216 9008380	
cafexara	Καφέ Χαρά	Αθήνα	Π. Φάληρο (Αχιλλέως 21)	Cafe-Food-Drinks	Τηλ. 210 9803080	
tomikiopfaliro	Το Μικιό	Αθήνα	Π. Φάληρο (Αγ. Αλεξάνδρου 58)	Κρητικό Μεζεδοπωλείο		
ouan_pfaliro	ΟΥΑΝ	Αθήνα	Π. Φάληρο	Καφετέρια-Ποτάδικο	09:00-01:00	
edem_cafe_restaurant	ΕΔΕΜ	Αθήνα	Π. Φάληρο (παραλία)	All-day Restaurant-Cafe	Από το 1919	
flaros.ath	Φλάρος	Αθήνα		Καφενείο	Κρατήσεις 210 4403818	Επιβεβαίωσε περιοχή
paliaagora	Παλιά Αγορά	Αθήνα	Φιλοθέη	All-day Coffee-Food-Wine-Cocktails		
street_souvlaki	Street Souvlaki	Αθήνα	Κέντρο (Κολοκοτρώνη 30) + 2 στον Πειραιά	Σουβλατζίδικο	3 καταστήματα	
tosouvlakitissarri	Το σουβλάκι της Σαρρή	Αθήνα	Ψυρρή (Σαρρή 36)	Σουβλατζίδικο	12:00-01:00, τηλ. 210 3315439	
il_toto_metaxourgeio	IL TOTO Μεταξουργείο	Αθήνα	Μεταξουργείο	Specialty Coffee	05:00-21:00, αλυσίδα IL Toto	
myrovolos_metaxourgeio	Μυροβόλος	Αθήνα	Μεταξουργείο (Γιατράκου 12)	Εστίαση		Επιβεβαίωσε κατηγορία
kapani.athens	Καπάνι Μάρκετ	Αθήνα	Μεταξουργείο (Χίου 29)	Μαγειρείο / Natural wine / Deli	Κρατήσεις μέσω link	
mproulis_metaxourgeio	Μπρούλης	Αθήνα	Μεταξουργείο	Εστιατόριο / Μεζέδες		Επιβεβαίωσε κατηγορία
vs_project_cafe	VS All Day Cafe Bar	Αθήνα	Άγιος Δημήτριος (Αγ. Δημητρίου 216)	All-day Cafe-Bar		
louis.kafeneio	Λούης Καφενείο	Αθήνα	Κεραμεικός (Λεωνίδου 87)	Καφενείο		
allegro_bar_restaurant	Allegro Bar	Θεσσαλονίκη		Bar-Restaurant / Brunch	Spirits, brunch & casual menu	Επιβεβαίωσε περιοχή
lungo_skg	Lungo Coffee & Gluten Free Pastries	Θεσσαλονίκη		Coffee / Brunch / Gluten free		
sharkbarrestaurant	Shark Bar Restaurant	Θεσσαλονίκη	Αρετσού (θάλασσα)	Bar-Restaurant / Brunch	Από το 1997	
vogatsikou_3	Βογατσικού 3	Θεσσαλονίκη	Κέντρο (Βογατσικού 3)	Bar-Restaurant		
pantheon.bar	Pantheon Bar	Θεσσαλονίκη		All-day Cafe-Bar	Από το 2002	Επιβεβαίωσε περιοχή
crema.cafe.gr	Κρέμα Cafe	Αθήνα	Νέα Ιωνία	Cafe / Κρουασάν	Γαλλικά κρουασάν	
korne.gr	Korne	Αθήνα	Νέα Ιωνία (Ελ. Βενιζέλου 128)	Bakery-Cafe	Τηλ. 211 4104918, νέο κατάστημα	
en_aithria_filadelfeia	Εν Αιθρία	Αθήνα	Νέα Φιλαδέλφεια	Μπυραρία / Μεζέδες	Κρατήσεις 210 2582751	
lemonokipos_neafiladelfeia	Ο Λεμονόκηπος	Αθήνα	Νέα Φιλαδέλφεια (Αγ. Τριάδας 11)	Εστιατόριο / Cafe		Επιβεβαίωσε κατηγορία
ntemek	Ντεμέκ	Αθήνα	Νέα Φιλαδέλφεια (Ν. Τρυπιά 1-3)	Φαγοποτείο		Επιβεβαίωσε περιοχή
h_polh	Η Πόλη	Αθήνα	Νέα Φιλαδέλφεια (Λ. Δεκελείας 130)	Εστιατόριο πολίτικης κουζίνας	Τηλ. 210 2521000	
sinfultastemarousi	Sinful Taste	Αθήνα	Μαρούσι (Αγ. Κωνσταντίνου 40)	Cafe / Κρέπες / Burgers	Τηλ. 210 6101368	
level.up.marousi	Level Up Specialty Coffee	Αθήνα	Μαρούσι	Specialty Coffee	07:30-20:00, efood & Box	
glasshouse.marousi	Glasshouse	Αθήνα	Μαρούσι	Beer & Cocktail bar		
amarisia_coffeesnack	Αμαρυσία Coffee & Snack	Αθήνα	Μαρούσι	Coffee & Snack	Καθημερινές 08:00-16:00, delivery	
kafeneionoermis	Καφενείον Ο Ερμής	Θεσσαλονίκη	Κέντρο	Καφενείο-Μεζεδοπωλείο	Ιστορία ~200 χρόνων	Επιβεβαίωσε περιοχή
